day no,date,questions,answers
1,10/1/2010,742,1561
2,10/2/2010,400,783
3,10/3/2010,388,771
4,10/4/2010,762,1474
5,10/5/2010,821,1639
6,10/6/2010,876,1730
7,10/7/2010,854,1719
8,10/8/2010,793,1589
9,10/9/2010,327,641
10,10/10/2010,436,844
11,10/11/2010,780,1544
12,10/12/2010,863,1775
13,10/13/2010,883,1735
14,10/14/2010,911,1815
15,10/15/2010,785,1677
16,10/16/2010,423,889
17,10/17/2010,434,909
18,10/18/2010,825,1681
19,10/19/2010,892,1834
20,10/20/2010,913,1819
21,10/21/2010,942,1890
22,10/22/2010,851,1726
23,10/23/2010,488,994
24,10/24/2010,450,903
25,10/25/2010,848,1719
26,10/26/2010,897,1814
27,10/27/2010,953,1915
28,10/28/2010,907,1853
29,10/29/2010,830,1724
30,10/30/2010,468,944
31,10/31/2010,476,971
32,11/1/2010,825,1645
33,11/2/2010,879,1850
34,11/3/2010,934,1955
35,11/4/2010,938,1952
36,11/5/2010,831,1804
37,11/6/2010,492,994
38,11/7/2010,488,975
39,11/8/2010,893,1799
40,11/9/2010,1068,2171
41,11/10/2010,1003,2120
42,11/11/2010,1009,2069
43,11/12/2010,928,1975
44,11/13/2010,563,1125
45,11/14/2010,534,1099
46,11/15/2010,946,1967
47,11/16/2010,999,2110
48,11/17/2010,994,2126
49,11/18/2010,1050,2143
50,11/19/2010,948,2005
51,11/20/2010,563,1138
52,11/21/2010,570,1208
53,11/22/2010,1014,2165
54,11/23/2010,1078,2200
55,11/24/2010,1019,2174
56,11/25/2010,919,1852
57,11/26/2010,773,1621
58,11/27/2010,586,1180
59,11/28/2010,560,1213
60,11/29/2010,957,1966
61,11/30/2010,1057,2240
62,12/1/2010,1055,2197
63,12/2/2010,1094,2287
64,12/3/2010,989,2067
65,12/4/2010,601,1256
66,12/5/2010,616,1257
67,12/6/2010,1024,2106
68,12/7/2010,1093,2232
69,12/8/2010,1079,2217
70,12/9/2010,1082,2248
71,12/10/2010,1011,2081
72,12/11/2010,595,1239
73,12/12/2010,576,1192
74,12/13/2010,1022,2101
75,12/14/2010,1102,2275
76,12/15/2010,1087,2281
77,12/16/2010,1079,2191
78,12/17/2010,939,2004
79,12/18/2010,572,1210
80,12/19/2010,584,1205
81,12/20/2010,976,1980
82,12/21/2010,1021,2139
83,12/22/2010,1034,2112
84,12/23/2010,895,1897
85,12/24/2010,612,1271
86,12/25/2010,451,913
87,12/26/2010,479,969
88,12/27/2010,771,1546
89,12/28/2010,855,1739
90,12/29/2010,912,1863
91,12/30/2010,887,1858
92,12/31/2010,634,1350
93,1/1/2011,455,1011
94,1/2/2011,570,1235
95,1/3/2011,890,1898
96,1/4/2011,1067,2288
97,1/5/2011,1144,2381
98,1/6/2011,1144,2387
99,1/7/2011,1089,2262
100,1/8/2011,648,1362
101,1/9/2011,673,1453
102,1/10/2011,1119,2277
103,1/11/2011,1213,2471
104,1/12/2011,1226,2541
105,1/13/2011,1235,2516
106,1/14/2011,1115,2386
107,1/15/2011,677,1466
108,1/16/2011,721,1527
109,1/17/2011,1151,2326
110,1/18/2011,1208,2467
111,1/19/2011,1270,2604
112,1/20/2011,1293,2649
113,1/21/2011,1197,2473
114,1/22/2011,761,1572
115,1/23/2011,717,1533
116,1/24/2011,1222,2505
117,1/25/2011,1263,2594
118,1/26/2011,1228,2567
119,1/27/2011,1300,2629
120,1/28/2011,1194,2459
121,1/29/2011,738,1535
122,1/30/2011,742,1582
123,1/31/2011,1232,2521
124,2/1/2011,1278,2659
125,2/2/2011,1308,2710
126,2/3/2011,1326,2643
127,2/4/2011,1186,2536
128,2/5/2011,793,1627
129,2/6/2011,798,1650
130,2/7/2011,1256,2483
131,2/8/2011,1325,2627
132,2/9/2011,1352,2722
133,2/10/2011,1356,2735
134,2/11/2011,1264,2519
135,2/12/2011,775,1615
136,2/13/2011,792,1626
137,2/14/2011,1261,2490
138,2/15/2011,1362,2747
139,2/16/2011,1422,2869
140,2/17/2011,1406,2828
141,2/18/2011,1289,2650
142,2/19/2011,803,1690
143,2/20/2011,837,1745
144,2/21/2011,1331,2642
145,2/22/2011,1460,2894
146,2/23/2011,1498,3004
147,2/24/2011,1443,2948
148,2/25/2011,1325,2755
149,2/26/2011,832,1737
150,2/27/2011,814,1710
151,2/28/2011,1348,2766
152,3/1/2011,1414,2911
153,3/2/2011,1466,2963
154,3/3/2011,1441,2994
155,3/4/2011,1370,2873
156,3/5/2011,875,1851
157,3/6/2011,856,1788
158,3/7/2011,1416,2837
159,3/8/2011,1479,2948
160,3/9/2011,1568,3147
161,3/10/2011,1497,3107
162,3/11/2011,1374,2858
163,3/12/2011,840,1806
164,3/13/2011,877,1855
165,3/14/2011,1460,2874
166,3/15/2011,1510,3056
167,3/16/2011,1542,3170
168,3/17/2011,1498,3150
169,3/18/2011,1397,2897
170,3/19/2011,872,1836
171,3/20/2011,883,1818
172,3/21/2011,1441,2940
173,3/22/2011,1596,3288
174,3/23/2011,1583,3145
175,3/24/2011,1530,3217
176,3/25/2011,1390,2898
177,3/26/2011,886,1855
178,3/27/2011,932,1934
179,3/28/2011,1483,3023
180,3/29/2011,1555,3229
181,3/30/2011,1504,3167
182,3/31/2011,1581,3228
183,4/1/2011,1394,2908
184,4/2/2011,882,1855
185,4/3/2011,909,1872
186,4/4/2011,1458,2910
187,4/5/2011,1619,3273
188,4/6/2011,1647,3319
189,4/7/2011,1625,3357
190,4/8/2011,1457,3078
191,4/9/2011,914,1877
192,4/10/2011,911,1890
193,4/11/2011,1543,3131
194,4/12/2011,1622,3273
195,4/13/2011,1603,3310
196,4/14/2011,1600,3243
197,4/15/2011,1450,2984
198,4/16/2011,947,1935
199,4/17/2011,935,1930
200,4/18/2011,1515,3059
201,4/19/2011,1630,3248
202,4/20/2011,1633,3220
203,4/21/2011,1508,3162
204,4/22/2011,1243,2530
205,4/23/2011,923,1887
206,4/24/2011,878,1855
207,4/25/2011,1295,2593
208,4/26/2011,1560,3157
209,4/27/2011,1671,3334
210,4/28/2011,1630,3374
211,4/29/2011,1429,2926
212,4/30/2011,962,1945
213,5/1/2011,964,1975
214,5/2/2011,1415,2795
215,5/3/2011,1570,3203
216,5/4/2011,1639,3353
217,5/5/2011,1667,3336
218,5/6/2011,1511,3090
219,5/7/2011,941,1942
220,5/8/2011,925,1919
221,5/9/2011,1543,3016
222,5/10/2011,1666,3340
223,5/11/2011,1700,3363
224,5/12/2011,1662,3318
225,5/13/2011,1555,3185
226,5/14/2011,942,1975
227,5/15/2011,941,1938
228,5/16/2011,1557,3106
229,5/17/2011,1634,3315
230,5/18/2011,1667,3350
231,5/19/2011,1645,3320
232,5/20/2011,1534,3119
233,5/21/2011,935,1948
234,5/22/2011,948,1951
235,5/23/2011,1578,3154
236,5/24/2011,1664,3369
237,5/25/2011,1688,3456
238,5/26/2011,1704,3405
239,5/27/2011,1488,3117
240,5/28/2011,925,1984
241,5/29/2011,919,1931
242,5/30/2011,1355,2721
243,5/31/2011,1592,3246
244,6/1/2011,1694,3500
245,6/2/2011,1554,3176
246,6/3/2011,1492,3081
247,6/4/2011,948,1993
248,6/5/2011,978,2042
249,6/6/2011,1593,3133
250,6/7/2011,1629,3335
251,6/8/2011,1682,3352
252,6/9/2011,1717,3415
253,6/10/2011,1542,3193
254,6/11/2011,931,1978
255,6/12/2011,954,2001
256,6/13/2011,1545,3091
257,6/14/2011,1667,3456
258,6/15/2011,1721,3501
259,6/16/2011,1726,3518
260,6/17/2011,1563,3309
261,6/18/2011,1005,2096
262,6/19/2011,951,2004
263,6/20/2011,1634,3257
264,6/21/2011,1749,3571
265,6/22/2011,1755,3594
266,6/23/2011,1713,3522
267,6/24/2011,1568,3286
268,6/25/2011,969,2069
269,6/26/2011,966,2062
270,6/27/2011,1613,3207
271,6/28/2011,1709,3474
272,6/29/2011,1740,3500
273,6/30/2011,1698,3445
274,7/1/2011,1490,3132
275,7/2/2011,946,1997
276,7/3/2011,963,2010
277,7/4/2011,1425,2842
278,7/5/2011,1676,3341
279,7/6/2011,1754,3524
280,7/7/2011,1773,3530
281,7/8/2011,1644,3379
282,7/9/2011,1001,2151
283,7/10/2011,995,2060
284,7/11/2011,1717,3421
285,7/12/2011,1795,3655
286,7/13/2011,1789,3630
287,7/14/2011,1795,3552
288,7/15/2011,1628,3364
289,7/16/2011,1024,2210
290,7/17/2011,1012,2175
291,7/18/2011,1697,3388
292,7/19/2011,1811,3717
293,7/20/2011,1783,3616
294,7/21/2011,1790,3619
295,7/22/2011,1653,3395
296,7/23/2011,1039,2212
297,7/24/2011,1022,2179
298,7/25/2011,1703,3433
299,7/26/2011,1804,3567
300,7/27/2011,1848,3708
301,7/28/2011,1811,3694
302,7/29/2011,1660,3423
303,7/30/2011,1034,2205
304,7/31/2011,1030,2197
305,8/1/2011,1676,3332
306,8/2/2011,1818,3642
307,8/3/2011,1834,3710
308,8/4/2011,1920,3857
309,8/5/2011,1732,3604
310,8/6/2011,996,2076
311,8/7/2011,1067,2298
312,8/8/2011,1733,3462
313,8/9/2011,1845,3733
314,8/10/2011,1886,3798
315,8/11/2011,1893,3801
316,8/12/2011,1712,3522
317,8/13/2011,1058,2267
318,8/14/2011,1053,2255
319,8/15/2011,1598,3179
320,8/16/2011,1824,3733
321,8/17/2011,1859,3733
322,8/18/2011,1844,3771
323,8/19/2011,1718,3462
324,8/20/2011,1109,2327
325,8/21/2011,1082,2258
326,8/22/2011,1700,3484
327,8/23/2011,1819,3643
328,8/24/2011,1875,3855
329,8/25/2011,1883,3847
330,8/26/2011,1689,3506
331,8/27/2011,1078,2265
332,8/28/2011,1091,2332
333,8/29/2011,1660,3366
334,8/30/2011,1767,3661
335,8/31/2011,1797,3655
336,9/1/2011,1738,3500
337,9/2/2011,1658,3343
338,9/3/2011,1066,2240
339,9/4/2011,1071,2263
340,9/5/2011,1540,3067
341,9/6/2011,1819,3626
342,9/7/2011,1887,3699
343,9/8/2011,1854,3690
344,9/9/2011,1699,3467
345,9/10/2011,1135,2364
346,9/11/2011,1126,2338
347,9/12/2011,1760,3517
348,9/13/2011,1893,3721
349,9/14/2011,1885,3756
350,9/15/2011,1861,3750
351,9/16/2011,1713,3428
352,9/17/2011,1158,2446
353,9/18/2011,1117,2341
354,9/19/2011,1803,3517
355,9/20/2011,1892,3759
356,9/21/2011,1928,3870
357,9/22/2011,1913,3861
358,9/23/2011,1759,3567
359,9/24/2011,1162,2381
360,9/25/2011,1145,2374
361,9/26/2011,1812,3572
362,9/27/2011,1852,3799
363,9/28/2011,1897,3715
364,9/29/2011,1820,3634
365,9/30/2011,1733,3488
366,10/1/2011,1114,2388
367,10/2/2011,1118,2314
368,10/3/2011,1673,3348
369,10/4/2011,1827,3642
370,10/5/2011,1849,3714
371,10/6/2011,1792,3534
372,10/7/2011,1706,3409
373,10/8/2011,1131,2402
374,10/9/2011,1192,2431
375,10/10/2011,1759,3451
376,10/11/2011,1897,3725
377,10/12/2011,1901,3775
378,10/13/2011,1879,3729
379,10/14/2011,1793,3580
380,10/15/2011,1195,2425
381,10/16/2011,1191,2427
382,10/17/2011,1803,3553
383,10/18/2011,1933,3784
384,10/19/2011,1972,3867
385,10/20/2011,1925,3795
386,10/21/2011,1807,3651
387,10/22/2011,1220,2505
388,10/23/2011,1204,2482
389,10/24/2011,1841,3657
390,10/25/2011,1903,3888
391,10/26/2011,1803,3720
392,10/27/2011,1885,3765
393,10/28/2011,1721,3529
394,10/29/2011,1169,2467
395,10/30/2011,1176,2419
396,10/31/2011,1782,3518
397,11/1/2011,1879,3690
398,11/2/2011,1957,3953
399,11/3/2011,1985,3969
400,11/4/2011,1895,3832
401,11/5/2011,1232,2587
402,11/6/2011,1244,2593
403,11/7/2011,1853,3660
404,11/8/2011,1959,3921
405,11/9/2011,1982,3977
406,11/10/2011,2000,3985
407,11/11/2011,1846,3770
408,11/12/2011,1241,2631
409,11/13/2011,1272,2658
410,11/14/2011,1935,3893
411,11/15/2011,2006,4108
412,11/16/2011,2102,4198
413,11/17/2011,2084,4257
414,11/18/2011,1938,4081
415,11/19/2011,1320,2754
416,11/20/2011,1321,2715
417,11/21/2011,1990,3964
418,11/22/2011,2087,4149
419,11/23/2011,2051,4149
420,11/24/2011,1852,3728
421,11/25/2011,1723,3474
422,11/26/2011,1285,2708
423,11/27/2011,1301,2764
424,11/28/2011,1958,3960
425,11/29/2011,2086,4201
426,11/30/2011,2089,4229
427,12/1/2011,2051,4190
428,12/2/2011,1945,3969
429,12/3/2011,1336,2826
430,12/4/2011,1321,2784
431,12/5/2011,1971,3936
432,12/6/2011,2091,4153
433,12/7/2011,2166,4273
434,12/8/2011,2071,4169
435,12/9/2011,1910,3938
436,12/10/2011,1344,2795
437,12/11/2011,1341,2811
438,12/12/2011,2004,3990
439,12/13/2011,2117,4211
440,12/14/2011,2119,4286
441,12/15/2011,2059,4154
442,12/16/2011,1881,3912
443,12/17/2011,1321,2761
444,12/18/2011,1284,2719
445,12/19/2011,1958,3864
446,12/20/2011,1992,4123
447,12/21/2011,2012,4096
448,12/22/2011,1870,3878
449,12/23/2011,1651,3428
450,12/24/2011,1166,2536
451,12/25/2011,1054,2318
452,12/26/2011,1394,2830
453,12/27/2011,1637,3346
454,12/28/2011,1804,3716
455,12/29/2011,1810,3728
456,12/30/2011,1633,3419
457,12/31/2011,1188,2584
458,1/1/2012,1124,2478
459,1/2/2012,1614,3344
460,1/3/2012,1954,4058
461,1/4/2012,2103,4384
462,1/5/2012,2173,4447
463,1/6/2012,1992,4208
464,1/7/2012,1436,3004
465,1/8/2012,1436,3078
466,1/9/2012,2064,4125
467,1/10/2012,2143,4368
468,1/11/2012,2212,4469
469,1/12/2012,2212,4362
470,1/13/2012,2084,4228
471,1/14/2012,1384,2895
472,1/15/2012,1442,2980
473,1/16/2012,2005,3968
474,1/17/2012,2160,4406
475,1/18/2012,2177,4485
476,1/19/2012,2199,4476
477,1/20/2012,2050,4185
478,1/21/2012,1468,3064
479,1/22/2012,1447,3039
480,1/23/2012,2084,4191
481,1/24/2012,2238,4449
482,1/25/2012,2248,4501
483,1/26/2012,2151,4326
484,1/27/2012,2056,4162
485,1/28/2012,1465,3036
486,1/29/2012,1474,3059
487,1/30/2012,2141,4224
488,1/31/2012,2287,4529
489,2/1/2012,2283,4527
490,2/2/2012,2303,4636
491,2/3/2012,2171,4384
492,2/4/2012,1519,3142
493,2/5/2012,1519,3128
494,2/6/2012,2180,4285
495,2/7/2012,2326,4712
496,2/8/2012,2405,4810
497,2/9/2012,2393,4788
498,2/10/2012,2227,4476
499,2/11/2012,1540,3184
500,2/12/2012,1573,3204
501,2/13/2012,2269,4477
502,2/14/2012,2316,4539
503,2/15/2012,2433,4782
504,2/16/2012,2430,4795
505,2/17/2012,2279,4555
506,2/18/2012,1515,3121
507,2/19/2012,1619,3301
508,2/20/2012,2287,4440
509,2/21/2012,2399,4723
510,2/22/2012,2472,4915
511,2/23/2012,2497,5003
512,2/24/2012,2315,4611
513,2/25/2012,1630,3404
514,2/26/2012,1627,3335
515,2/27/2012,2273,4547
516,2/28/2012,2443,4848
517,2/29/2012,2420,4773
518,3/1/2012,2457,4843
519,3/2/2012,2310,4604
520,3/3/2012,1610,3267
521,3/4/2012,1619,3329
522,3/5/2012,2326,4564
523,3/6/2012,2475,4945
524,3/7/2012,2442,4827
525,3/8/2012,2332,4559
526,3/9/2012,2276,4509
527,3/10/2012,1584,3283
528,3/11/2012,1610,3307
529,3/12/2012,2389,4627
530,3/13/2012,2474,4890
531,3/14/2012,2513,4964
532,3/15/2012,2491,4940
533,3/16/2012,2296,4633
534,3/17/2012,1598,3341
535,3/18/2012,1600,3255
536,3/19/2012,2378,4661
537,3/20/2012,2467,4799
538,3/21/2012,2524,4952
539,3/22/2012,2521,4940
540,3/23/2012,2262,4632
541,3/24/2012,1609,3347
542,3/25/2012,1583,3241
543,3/26/2012,2378,4683
544,3/27/2012,2505,4983
545,3/28/2012,2541,4959
546,3/29/2012,2523,5025
547,3/30/2012,2336,4798
548,3/31/2012,1634,3394
549,4/1/2012,1620,3332
550,4/2/2012,2372,4620
551,4/3/2012,2538,4991
552,4/4/2012,2551,4980
553,4/5/2012,2437,4755
554,4/6/2012,2003,4113
555,4/7/2012,1669,3359
556,4/8/2012,1597,3265
557,4/9/2012,2143,4287
558,4/10/2012,2444,4818
559,4/11/2012,2545,4946
560,4/12/2012,2587,4999
561,4/13/2012,2345,4788
562,4/14/2012,1619,3359
563,4/15/2012,1671,3402
564,4/16/2012,2415,4668
565,4/17/2012,2522,4960
566,4/18/2012,2643,5269
567,4/19/2012,2655,5189
568,4/20/2012,2427,4781
569,4/21/2012,1714,3455
570,4/22/2012,1718,3467
571,4/23/2012,2509,4776
572,4/24/2012,2573,4999
573,4/25/2012,2579,5062
574,4/26/2012,2546,4995
575,4/27/2012,2405,4779
576,4/28/2012,1705,3515
577,4/29/2012,1653,3369
578,4/30/2012,2283,4508
579,5/1/2012,2203,4364
580,5/2/2012,2533,4990
581,5/3/2012,2558,5011
582,5/4/2012,2448,4884
583,5/5/2012,1729,3532
584,5/6/2012,1638,3370
585,5/7/2012,2352,4582
586,5/8/2012,2521,5044
587,5/9/2012,2580,4982
588,5/10/2012,2638,5093
589,5/11/2012,2412,4856
590,5/12/2012,1647,3413
591,5/13/2012,1614,3287
592,5/14/2012,2483,4775
593,5/15/2012,2598,5088
594,5/16/2012,2595,5079
595,5/17/2012,2473,4909
596,5/18/2012,2411,4769
597,5/19/2012,1672,3455
598,5/20/2012,1646,3426
599,5/21/2012,2411,4728
600,5/22/2012,2599,5079
601,5/23/2012,2607,5136
602,5/24/2012,2572,5006
603,5/25/2012,2390,4747
604,5/26/2012,1636,3384
605,5/27/2012,1588,3304
606,5/28/2012,2177,4345
607,5/29/2012,2529,4926
608,5/30/2012,2600,5113
609,5/31/2012,2538,5034
610,6/1/2012,2412,4848
611,6/2/2012,1653,3441
612,6/3/2012,1651,3411
613,6/4/2012,2385,4598
614,6/5/2012,2533,4944
615,6/6/2012,2589,5081
616,6/7/2012,2623,5102
617,6/8/2012,2423,4829
618,6/9/2012,1652,3448
619,6/10/2012,1649,3375
620,6/11/2012,2448,4752
621,6/12/2012,2577,5103
622,6/13/2012,2714,5312
623,6/14/2012,2667,5181
624,6/15/2012,2497,5025
625,6/16/2012,1673,3516
626,6/17/2012,1665,3397
627,6/18/2012,2593,4977
628,6/19/2012,2687,5272
629,6/20/2012,2748,5308
630,6/21/2012,2765,5318
631,6/22/2012,2531,5076
632,6/23/2012,1690,3534
633,6/24/2012,1686,3493
634,6/25/2012,2579,4989
635,6/26/2012,2752,5344
636,6/27/2012,2772,5389
637,6/28/2012,2697,5251
638,6/29/2012,2500,4840
639,6/30/2012,1693,3532
640,7/1/2012,1686,3474
641,7/2/2012,2533,4916
642,7/3/2012,2728,5246
643,7/4/2012,2446,4824
644,7/5/2012,2676,5178
645,7/6/2012,2598,5118
646,7/7/2012,1741,3620
647,7/8/2012,1703,3541
648,7/9/2012,2629,5111
649,7/10/2012,2788,5417
650,7/11/2012,2864,5562
651,7/12/2012,2826,5469
652,7/13/2012,2624,5174
653,7/14/2012,1721,3623
654,7/15/2012,1723,3590
655,7/16/2012,2694,5193
656,7/17/2012,2776,5259
657,7/18/2012,2865,5567
658,7/19/2012,2840,5474
659,7/20/2012,2626,5205
660,7/21/2012,1738,3610
661,7/22/2012,1762,3595
662,7/23/2012,2682,5170
663,7/24/2012,2781,5494
664,7/25/2012,2884,5547
665,7/26/2012,2854,5535
666,7/27/2012,2646,5274
667,7/28/2012,1771,3693
668,7/29/2012,1751,3658
669,7/30/2012,2691,5225
670,7/31/2012,2867,5614
671,8/1/2012,2761,5470
672,8/2/2012,2771,5418
673,8/3/2012,2624,5291
674,8/4/2012,1743,3617
675,8/5/2012,1762,3634
676,8/6/2012,2606,5072
677,8/7/2012,2778,5412
678,8/8/2012,2826,5614
679,8/9/2012,2819,5480
680,8/10/2012,2627,5237
681,8/11/2012,1710,3615
682,8/12/2012,1764,3660
683,8/13/2012,2671,5185
684,8/14/2012,2775,5531
685,8/15/2012,2587,5180
686,8/16/2012,2769,5401
687,8/17/2012,2593,5160
688,8/18/2012,1810,3768
689,8/19/2012,1735,3594
690,8/20/2012,2562,5048
691,8/21/2012,2704,5438
692,8/22/2012,2791,5457
693,8/23/2012,2816,5480
694,8/24/2012,2610,5157
695,8/25/2012,1797,3769
696,8/26/2012,1781,3735
697,8/27/2012,2608,5108
698,8/28/2012,2764,5432
699,8/29/2012,2848,5606
700,8/30/2012,2861,5662
701,8/31/2012,2576,5256
702,9/1/2012,1788,3782
703,9/2/2012,1783,3737
704,9/3/2012,2457,4770
705,9/4/2012,2730,5370
706,9/5/2012,2815,5518
707,9/6/2012,2832,5603
708,9/7/2012,2636,5298
709,9/8/2012,1829,3812
710,9/9/2012,1832,3795
711,9/10/2012,2696,5269
712,9/11/2012,2827,5550
713,9/12/2012,2817,5430
714,9/13/2012,2873,5602
715,9/14/2012,2652,5273
716,9/15/2012,1766,3719
717,9/16/2012,1818,3770
718,9/17/2012,2758,5249
719,9/18/2012,2810,5481
720,9/19/2012,2777,5432
721,9/20/2012,2822,5506
722,9/21/2012,2692,5313
723,9/22/2012,1891,3935
724,9/23/2012,1835,3867
725,9/24/2012,2754,5325
726,9/25/2012,2837,5545
727,9/26/2012,2927,5763
728,9/27/2012,2946,5835
729,9/28/2012,2681,5357
730,9/29/2012,1852,3880
731,9/30/2012,1826,3868
732,10/1/2012,2672,5250
733,10/2/2012,2731,5480
734,10/3/2012,2856,5596
735,10/4/2012,2895,5745
736,10/5/2012,2723,5535
737,10/6/2012,1952,4045
738,10/7/2012,1922,3930
739,10/8/2012,2705,5343
740,10/9/2012,2895,5723
741,10/10/2012,3001,5886
742,10/11/2012,3008,5950
743,10/12/2012,2814,5631
744,10/13/2012,1939,4084
745,10/14/2012,1951,4071
746,10/15/2012,2852,5505
747,10/16/2012,3000,5837
748,10/17/2012,3035,5948
749,10/18/2012,3058,5934
750,10/19/2012,2846,5711
751,10/20/2012,2007,4139
752,10/21/2012,2014,4125
753,10/22/2012,2888,5648
754,10/23/2012,2964,5843
755,10/24/2012,2910,5710
756,10/25/2012,2987,5867
757,10/26/2012,2714,5431
758,10/27/2012,1967,4099
759,10/28/2012,1948,4009
760,10/29/2012,2805,5387
761,10/30/2012,2837,5579
762,10/31/2012,2946,5756
763,11/1/2012,2878,5638
764,11/2/2012,2811,5489
765,11/3/2012,2030,4223
766,11/4/2012,2018,4152
767,11/5/2012,2908,5603
768,11/6/2012,2969,5764
769,11/7/2012,2989,5757
770,11/8/2012,3083,5881
771,11/9/2012,2820,5594
772,11/10/2012,2015,4142
773,11/11/2012,2017,4144
774,11/12/2012,2773,5417
775,11/13/2012,2854,5539
776,11/14/2012,2959,5775
777,11/15/2012,3013,5834
778,11/16/2012,2858,5622
779,11/17/2012,2076,4198
780,11/18/2012,2078,4225
781,11/19/2012,2995,5767
782,11/20/2012,3091,5965
783,11/21/2012,3061,5988
784,11/22/2012,2852,5584
785,11/23/2012,2624,5241
786,11/24/2012,2074,4230
787,11/25/2012,2109,4270
788,11/26/2012,2957,5711
789,11/27/2012,3122,6024
790,11/28/2012,3244,6220
791,11/29/2012,3169,6081
792,11/30/2012,2918,5695
793,12/1/2012,2103,4303
794,12/2/2012,2152,4333
795,12/3/2012,3020,5698
796,12/4/2012,3156,6057
797,12/5/2012,3171,6192
798,12/6/2012,3104,6076
799,12/7/2012,2926,5717
800,12/8/2012,2143,4361
801,12/9/2012,2112,4335
802,12/10/2012,2962,5681
803,12/11/2012,3071,5914
804,12/12/2012,3150,6131
805,12/13/2012,3106,6069
806,12/14/2012,2841,5567
807,12/15/2012,2038,4215
808,12/16/2012,2049,4208
809,12/17/2012,2872,5599
810,12/18/2012,3020,5941
811,12/19/2012,3079,6142
812,12/20/2012,2965,5989
813,12/21/2012,2684,5533
814,12/22/2012,1971,4187
815,12/23/2012,1921,4017
816,12/24/2012,2168,4550
817,12/25/2012,1904,4077
818,12/26/2012,2361,4871
819,12/27/2012,2590,5319
820,12/28/2012,2529,5182
821,12/29/2012,2044,4389
822,12/30/2012,1980,4225
823,12/31/2012,2171,4592
824,1/1/2013,1952,4163
825,1/2/2013,2690,5364
826,1/3/2013,2894,5825
827,1/4/2013,2895,5741
828,1/5/2013,2193,4557
829,1/6/2013,2146,4465
830,1/7/2013,2950,5794
831,1/8/2013,3126,6169
832,1/9/2013,3206,6202
833,1/10/2013,3209,6268
834,1/11/2013,3072,6059
835,1/12/2013,2195,4564
836,1/13/2013,2183,4483
837,1/14/2013,2932,5667
838,1/15/2013,3202,6173
839,1/16/2013,3246,6333
840,1/17/2013,3219,6186
841,1/18/2013,3063,6050
842,1/19/2013,2194,4538
843,1/20/2013,2190,4510
844,1/21/2013,3061,5833
845,1/22/2013,3291,6325
846,1/23/2013,3331,6413
847,1/24/2013,3323,6452
848,1/25/2013,3058,6026
849,1/26/2013,2220,4620
850,1/27/2013,2264,4588
851,1/28/2013,3163,6116
852,1/29/2013,3324,6301
853,1/30/2013,3382,6498
854,1/31/2013,3302,6416
855,2/1/2013,3170,6170
856,2/2/2013,2259,4602
857,2/3/2013,2273,4630
858,2/4/2013,3167,6017
859,2/5/2013,3320,6444
860,2/6/2013,3419,6521
861,2/7/2013,3439,6588
862,2/8/2013,3172,6255
863,2/9/2013,2169,4449
864,2/10/2013,2314,4665
865,2/11/2013,3159,6024
866,2/12/2013,3317,6373
867,2/13/2013,3385,6450
868,2/14/2013,3315,6327
869,2/15/2013,3125,6056
870,2/16/2013,2324,4717
871,2/17/2013,2312,4674
872,2/18/2013,3212,6182
873,2/19/2013,3514,6571
874,2/20/2013,3464,6644
875,2/21/2013,3484,6616
876,2/22/2013,3296,6404
877,2/23/2013,2402,4848
878,2/24/2013,2319,4685
879,2/25/2013,3324,6304
880,2/26/2013,3500,6727
881,2/27/2013,3527,6798
882,2/28/2013,3542,6796
883,3/1/2013,3246,6433
884,3/2/2013,2403,4842
885,3/3/2013,2388,4793
886,3/4/2013,3363,6348
887,3/5/2013,3530,6767
888,3/6/2013,3647,6953
889,3/7/2013,3600,6871
890,3/8/2013,3341,6434
891,3/9/2013,2393,4880
892,3/10/2013,2417,4851
893,3/11/2013,3422,6466
894,3/12/2013,3576,6930
895,3/13/2013,3617,6967
896,3/14/2013,3629,6877
897,3/15/2013,3339,6585
898,3/16/2013,2416,4969
899,3/17/2013,2388,4843
900,3/18/2013,3408,6439
901,3/19/2013,3623,6848
902,3/20/2013,3620,6988
903,3/21/2013,3560,6851
904,3/22/2013,3311,6545
905,3/23/2013,2426,4875
906,3/24/2013,2432,4945
907,3/25/2013,3418,6449
908,3/26/2013,3506,6745
909,3/27/2013,3492,6676
910,3/28/2013,3489,6734
911,3/29/2013,3027,5983
912,3/30/2013,2383,4849
913,3/31/2013,2359,4804
914,4/1/2013,3058,5824
915,4/2/2013,3575,6721
916,4/3/2013,3637,6927
917,4/4/2013,3605,6842
918,4/5/2013,3402,6598
919,4/6/2013,2428,4965
920,4/7/2013,2486,4924
921,4/8/2013,3457,6579
922,4/9/2013,3639,6886
923,4/10/2013,3663,6963
924,4/11/2013,3481,6702
925,4/12/2013,3434,6609
926,4/13/2013,2415,4925
927,4/14/2013,2467,4902
928,4/15/2013,3375,6414
929,4/16/2013,3509,6814
930,4/17/2013,3582,6906
931,4/18/2013,3561,6841
932,4/19/2013,3291,6446
933,4/20/2013,2450,4939
934,4/21/2013,2379,4870
935,4/22/2013,3416,6531
936,4/23/2013,3550,6793
937,4/24/2013,3621,6925
938,4/25/2013,3548,6826
939,4/26/2013,3310,6448
940,4/27/2013,2390,4925
941,4/28/2013,2453,4907
942,4/29/2013,3355,6534
943,4/30/2013,3373,6523
944,5/1/2013,3052,5999
945,5/2/2013,3438,6627
946,5/3/2013,3223,6403
947,5/4/2013,2376,4868
948,5/5/2013,2340,4777
949,5/6/2013,3194,6189
950,5/7/2013,3460,6636
951,5/8/2013,3454,6728
952,5/9/2013,3403,6538
953,5/10/2013,3200,6332
954,5/11/2013,2354,4831
955,5/12/2013,2340,4832
956,5/13/2013,3319,6370
957,5/14/2013,3487,6718
958,5/15/2013,3527,6870
959,5/16/2013,3562,6869
960,5/17/2013,3305,6471
961,5/18/2013,2380,4950
962,5/19/2013,2365,4871
963,5/20/2013,3255,6291
964,5/21/2013,3494,6691
965,5/22/2013,3556,6806
966,5/23/2013,3566,6889
967,5/24/2013,3248,6402
968,5/25/2013,2301,4781
969,5/26/2013,2290,4769
970,5/27/2013,3087,5995
971,5/28/2013,3465,6755
972,5/29/2013,3560,6981
973,5/30/2013,3552,6830
974,5/31/2013,3313,6538
975,6/1/2013,2394,4983
976,6/2/2013,2333,4805
977,6/3/2013,3312,6290
978,6/4/2013,3497,6813
979,6/5/2013,3595,6913
980,6/6/2013,3573,6949
981,6/7/2013,3386,6616
982,6/8/2013,2394,4934
983,6/9/2013,2366,4872
984,6/10/2013,3310,6332
985,6/11/2013,3501,6664
986,6/12/2013,3503,6768
987,6/13/2013,3533,6827
988,6/14/2013,3336,6450
989,6/15/2013,2349,4879
990,6/16/2013,2326,4815
991,6/17/2013,3398,6435
992,6/18/2013,3609,6881
993,6/19/2013,3630,6943
994,6/20/2013,3640,6959
995,6/21/2013,3356,6626
996,6/22/2013,2392,4985
997,6/23/2013,2353,4883
998,6/24/2013,3438,6655
999,6/25/2013,3609,7011
1000,6/26/2013,3665,7025
1001,6/27/2013,3676,7051
1002,6/28/2013,3386,6622
1003,6/29/2013,2391,4991
1004,6/30/2013,2380,4944
1005,7/1/2013,3350,6448
1006,7/2/2013,3636,6938
1007,7/3/2013,3640,7004
1008,7/4/2013,3356,6496
1009,7/5/2013,3252,6512
1010,7/6/2013,2335,4881
1011,7/7/2013,2318,4822
1012,7/8/2013,3435,6599
1013,7/9/2013,3650,7064
1014,7/10/2013,3657,7080
1015,7/11/2013,3682,7011
1016,7/12/2013,3411,6677
1017,7/13/2013,2350,4888
1018,7/14/2013,2353,4897
1019,7/15/2013,3541,6727
1020,7/16/2013,3751,7123
1021,7/17/2013,3799,7176
1022,7/18/2013,3783,7223
1023,7/19/2013,3520,6898
1024,7/20/2013,2441,5077
1025,7/21/2013,2444,5023
1026,7/22/2013,3570,6835
1027,7/23/2013,3796,7292
1028,7/24/2013,3840,7340
1029,7/25/2013,3800,7418
1030,7/26/2013,3572,7103
1031,7/27/2013,2486,5145
1032,7/28/2013,2496,5106
1033,7/29/2013,3613,7041
1034,7/30/2013,3759,7231
1035,7/31/2013,3804,7368
1036,8/1/2013,3780,7388
1037,8/2/2013,3510,7042
1038,8/3/2013,2449,5159
1039,8/4/2013,2450,5128
1040,8/5/2013,3520,6840
1041,8/6/2013,3675,7212
1042,8/7/2013,3786,7332
1043,8/8/2013,3675,7206
1044,8/9/2013,3326,6652
1045,8/10/2013,2413,5090
1046,8/11/2013,2451,5136
1047,8/12/2013,3537,6843
1048,8/13/2013,3712,7226
1049,8/14/2013,3733,7351
1050,8/15/2013,3392,6730
1051,8/16/2013,3417,6778
1052,8/17/2013,2476,5183
1053,8/18/2013,2485,5112
1054,8/19/2013,3462,6756
1055,8/20/2013,3642,7081
1056,8/21/2013,3699,7283
1057,8/22/2013,3746,7338
1058,8/23/2013,3525,6986
1059,8/24/2013,2515,5243
1060,8/25/2013,2486,5204
1061,8/26/2013,3474,6756
1062,8/27/2013,3655,7197
1063,8/28/2013,3756,7269
1064,8/29/2013,3717,7259
1065,8/30/2013,3409,6871
1066,8/31/2013,2505,5250
1067,9/1/2013,2461,5164
1068,9/2/2013,3283,6442
1069,9/3/2013,3557,6986
1070,9/4/2013,3695,7213
1071,9/5/2013,3673,7221
1072,9/6/2013,3481,6960
1073,9/7/2013,2524,5292
1074,9/8/2013,2547,5252
1075,9/9/2013,3403,6638
1076,9/10/2013,3664,7149
1077,9/11/2013,3738,7237
1078,9/12/2013,3767,7344
1079,9/13/2013,3538,7043
1080,9/14/2013,2534,5248
1081,9/15/2013,2585,5368
1082,9/16/2013,3608,6868
1083,9/17/2013,3753,7290
1084,9/18/2013,3737,7330
1085,9/19/2013,3784,7290
1086,9/20/2013,3550,7037
1087,9/21/2013,2609,5390
1088,9/22/2013,2596,5336
1089,9/23/2013,3579,6964
1090,9/24/2013,3845,7457
1091,9/25/2013,3832,7391
1092,9/26/2013,3847,7499
1093,9/27/2013,3563,7136
1094,9/28/2013,2582,5412
1095,9/29/2013,2632,5493
1096,9/30/2013,3643,6988
1097,10/1/2013,3728,7276
1098,10/2/2013,3597,7012
1099,10/3/2013,3788,7278
1100,10/4/2013,3633,7184
1101,10/5/2013,2637,5445
1102,10/6/2013,2651,5479
1103,10/7/2013,3690,7143
1104,10/8/2013,3899,7566
1105,10/9/2013,3940,7673
1106,10/10/2013,3873,7464
1107,10/11/2013,3609,7073
1108,10/12/2013,2653,5478
1109,10/13/2013,2659,5451
1110,10/14/2013,3505,6817
1111,10/15/2013,3734,7261
1112,10/16/2013,3831,7395
1113,10/17/2013,3867,7461
1114,10/18/2013,3651,7228
1115,10/19/2013,2685,5570
1116,10/20/2013,2718,5567
1117,10/21/2013,3815,7357
1118,10/22/2013,3935,7601
1119,10/23/2013,3950,7616
1120,10/24/2013,4022,7683
1121,10/25/2013,3726,7496
1122,10/26/2013,2704,5614
1123,10/27/2013,2755,5591
1124,10/28/2013,3767,7281
1125,10/29/2013,3966,7688
1126,10/30/2013,3936,7596
1127,10/31/2013,3815,7449
1128,11/1/2013,3401,6858
1129,11/2/2013,2626,5467
1130,11/3/2013,2703,5557
1131,11/4/2013,3602,6941
1132,11/5/2013,3741,7312
1133,11/6/2013,3948,7696
1134,11/7/2013,3996,7614
1135,11/8/2013,3727,7248
1136,11/9/2013,2766,5672
1137,11/10/2013,2793,5661
1138,11/11/2013,3739,7269
1139,11/12/2013,3988,7694
1140,11/13/2013,4001,7774
1141,11/14/2013,3981,7699
1142,11/15/2013,3766,7364
1143,11/16/2013,2827,5794
1144,11/17/2013,2821,5733
1145,11/18/2013,3862,7388
1146,11/19/2013,4010,7774
1147,11/20/2013,4107,7786
1148,11/21/2013,4061,7762
1149,11/22/2013,3837,7425
1150,11/23/2013,2849,5810
1151,11/24/2013,2848,5702
1152,11/25/2013,3838,7372
1153,11/26/2013,4041,7785
1154,11/27/2013,3974,7710
1155,11/28/2013,3684,7171
1156,11/29/2013,3389,6844
1157,11/30/2013,2790,5733
1158,12/1/2013,2773,5621
1159,12/2/2013,3784,7277
1160,12/3/2013,4003,7690
1161,12/4/2013,4077,7800
1162,12/5/2013,4046,7931
1163,12/6/2013,3808,7565
1164,12/7/2013,2837,5829
1165,12/8/2013,2859,5843
1166,12/9/2013,3848,7500
1167,12/10/2013,4029,7918
1168,12/11/2013,4066,7910
1169,12/12/2013,4020,7859
1170,12/13/2013,3687,7369
1171,12/14/2013,2743,5718
1172,12/15/2013,2794,5704
1173,12/16/2013,3774,7458
1174,12/17/2013,3957,7804
1175,12/18/2013,3972,7855
1176,12/19/2013,3886,7695
1177,12/20/2013,3514,7151
1178,12/21/2013,2647,5671
1179,12/22/2013,2658,5589
1180,12/23/2013,3350,6690
1181,12/24/2013,3014,6337
1182,12/25/2013,2552,5471
1183,12/26/2013,3118,6340
1184,12/27/2013,3231,6636
1185,12/28/2013,2682,5728
1186,12/29/2013,2684,5649
1187,12/30/2013,3381,6868
1188,12/31/2013,3003,6442
1189,1/1/2014,2586,5576
1190,1/2/2014,3541,7175
1191,1/3/2014,3655,7395
1192,1/4/2014,2947,6099
1193,1/5/2014,2847,5935
1194,1/6/2014,3737,7308
1195,1/7/2014,3932,7711
1196,1/8/2014,4143,8016
1197,1/9/2014,4078,8030
1198,1/10/2014,3930,7764
1199,1/11/2014,2901,6033
1200,1/12/2014,2872,5963
1201,1/13/2014,3883,7479
1202,1/14/2014,3952,7765
1203,1/15/2014,4109,7948
1204,1/16/2014,4137,7951
1205,1/17/2014,3944,7771
1206,1/18/2014,2963,6070
1207,1/19/2014,2916,6022
1208,1/20/2014,3912,7559
1209,1/21/2014,4142,8077
1210,1/22/2014,4236,8098
1211,1/23/2014,4222,8158
1212,1/24/2014,3928,7785
1213,1/25/2014,2982,6116
1214,1/26/2014,2988,6062
1215,1/27/2014,4037,7810
1216,1/28/2014,4224,8175
1217,1/29/2014,4294,8313
1218,1/30/2014,4172,8058
1219,1/31/2014,3912,7736
1220,2/1/2014,2967,6086
1221,2/2/2014,2949,6003
1222,2/3/2014,3953,7675
1223,2/4/2014,4227,8108
1224,2/5/2014,4259,8142
1225,2/6/2014,4291,8161
1226,2/7/2014,4047,7838
1227,2/8/2014,3031,6173
1228,2/9/2014,3073,6153
1229,2/10/2014,4156,7795
1230,2/11/2014,4329,8161
1231,2/12/2014,4385,8464
1232,2/13/2014,4277,8237
1233,2/14/2014,4018,7894
1234,2/15/2014,3057,6251
1235,2/16/2014,3047,6136
1236,2/17/2014,4094,7752
1237,2/18/2014,4387,8431
1238,2/19/2014,4507,8505
1239,2/20/2014,4466,8536
1240,2/21/2014,4229,8239
1241,2/22/2014,3171,6443
1242,2/23/2014,3156,6344
1243,2/24/2014,4313,8125
1244,2/25/2014,4450,8505
1245,2/26/2014,4506,8560
1246,2/27/2014,4513,8620
1247,2/28/2014,4232,8262
1248,3/1/2014,3129,6327
1249,3/2/2014,3095,6221
1250,3/3/2014,4182,7961
1251,3/4/2014,4386,8224
1252,3/5/2014,4529,8377
1253,3/6/2014,4499,8497
1254,3/7/2014,4215,8106
1255,3/8/2014,3127,6317
1256,3/9/2014,3111,6205
1257,3/10/2014,4259,7962
1258,3/11/2014,4401,8239
1259,3/12/2014,4579,8514
1260,3/13/2014,4583,8552
1261,3/14/2014,4223,8163
1262,3/15/2014,3114,6254
1263,3/16/2014,3139,6231
1264,3/17/2014,4166,7829
1265,3/18/2014,4447,8308
1266,3/19/2014,4564,8517
1267,3/20/2014,4529,8480
1268,3/21/2014,4222,8055
1269,3/22/2014,3158,6317
1270,3/23/2014,3157,6271
1271,3/24/2014,4244,8070
1272,3/25/2014,4449,8304
1273,3/26/2014,4532,8476
1274,3/27/2014,4467,8379
1275,3/28/2014,4160,8034
1276,3/29/2014,3125,6283
1277,3/30/2014,3125,6203
1278,3/31/2014,4158,7868
1279,4/1/2014,4757,8908
1280,4/2/2014,4948,9181
1281,4/3/2014,4877,9165
1282,4/4/2014,4591,8750
1283,4/5/2014,3420,6796
1284,4/6/2014,3444,6716
1285,4/7/2014,4673,8668
1286,4/8/2014,4870,8975
1287,4/9/2014,4847,9116
1288,4/10/2014,4805,9040
1289,4/11/2014,4526,8705
1290,4/12/2014,3404,6730
1291,4/13/2014,3356,6550
1292,4/14/2014,4501,8432
1293,4/15/2014,4727,8800
1294,4/16/2014,4797,8864
1295,4/17/2014,4559,8658
1296,4/18/2014,4069,7789
1297,4/19/2014,3371,6707
1298,4/20/2014,3221,6425
1299,4/21/2014,4165,7851
1300,4/22/2014,4769,8888
1301,4/23/2014,4789,9017
1302,4/24/2014,4726,8978
1303,4/25/2014,4609,8704
1304,4/26/2014,3371,6733
1305,4/27/2014,3386,6676
1306,4/28/2014,4558,8497
1307,4/29/2014,4667,8847
1308,4/30/2014,4465,8545
1309,5/1/2014,4086,7764
1310,5/2/2014,4188,8028
1311,5/3/2014,3312,6644
1312,5/4/2014,3282,6511
1313,5/5/2014,4313,8169
1314,5/6/2014,4505,8534
1315,5/7/2014,4638,8839
1316,5/8/2014,4728,8805
1317,5/9/2014,4323,8300
1318,5/10/2014,3277,6533
1319,5/11/2014,3257,6514
1320,5/12/2014,4420,8289
1321,5/13/2014,4579,8539
1322,5/14/2014,4654,8699
1323,5/15/2014,4661,8698
1324,5/16/2014,3612,7104
1325,5/17/2014,3192,6352
1326,5/18/2014,3148,6298
1327,5/19/2014,4366,8179
1328,5/20/2014,4594,8585
1329,5/21/2014,4721,8758
1330,5/22/2014,4634,8652
1331,5/23/2014,4324,8321
1332,5/24/2014,3142,6418
1333,5/25/2014,3139,6259
1334,5/26/2014,4014,7688
1335,5/27/2014,4433,8370
1336,5/28/2014,4554,8681
1337,5/29/2014,4407,8341
1338,5/30/2014,4233,8164
1339,5/31/2014,2989,6226
1340,6/1/2014,3123,6262
1341,6/2/2014,4183,7964
1342,6/3/2014,4458,8397
1343,6/4/2014,4602,8546
1344,6/5/2014,4563,8566
1345,6/6/2014,4253,8191
1346,6/7/2014,3029,6170
1347,6/8/2014,3184,6312
1348,6/9/2014,4161,7831
1349,6/10/2014,4500,8489
1350,6/11/2014,4467,8482
1351,6/12/2014,4394,8359
1352,6/13/2014,4173,8134
1353,6/14/2014,3112,6327
1354,6/15/2014,3113,6236
1355,6/16/2014,4171,7812
1356,6/17/2014,4487,8298
1357,6/18/2014,4507,8453
1358,6/19/2014,4493,8349
1359,6/20/2014,4197,8012
1360,6/21/2014,3104,6304
1361,6/22/2014,3147,6334
1362,6/23/2014,4265,7999
1363,6/24/2014,4500,8440
1364,6/25/2014,4583,8575
1365,6/26/2014,4520,8400
1366,6/27/2014,4323,8255
1367,6/28/2014,3085,6361
1368,6/29/2014,3065,6248
1369,6/30/2014,4270,8015
1370,7/1/2014,4366,8218
1371,7/2/2014,4568,8612
1372,7/3/2014,4570,8565
1373,7/4/2014,3914,7672
1374,7/5/2014,3100,6378
1375,7/6/2014,3147,6337
1376,7/7/2014,4425,8240
1377,7/8/2014,4527,8495
1378,7/9/2014,4591,8692
1379,7/10/2014,4532,8507
1380,7/11/2014,4324,8251
1381,7/12/2014,3135,6463
1382,7/13/2014,3121,6366
1383,7/14/2014,4386,8159
1384,7/15/2014,4577,8665
1385,7/16/2014,4704,8773
1386,7/17/2014,4654,8780
1387,7/18/2014,4334,8322
1388,7/19/2014,3224,6659
1389,7/20/2014,3171,6463
1390,7/21/2014,4519,8372
1391,7/22/2014,4725,8839
1392,7/23/2014,4738,8938
1393,7/24/2014,4677,8908
1394,7/25/2014,4328,8433
1395,7/26/2014,3222,6612
1396,7/27/2014,3241,6533
1397,7/28/2014,4318,8153
1398,7/29/2014,4470,8399
1399,7/30/2014,4583,8717
1400,7/31/2014,4573,8776
1401,8/1/2014,4253,8336
1402,8/2/2014,3179,6549
1403,8/3/2014,3156,6485
1404,8/4/2014,4280,8124
1405,8/5/2014,4493,8461
1406,8/6/2014,4637,8686
1407,8/7/2014,4618,8706
1408,8/8/2014,4340,8354
1409,8/9/2014,3239,6553
1410,8/10/2014,3223,6517
1411,8/11/2014,4388,8317
1412,8/12/2014,4629,8708
1413,8/13/2014,4624,8822
1414,8/14/2014,4562,8711
1415,8/15/2014,3940,7822
1416,8/16/2014,3145,6442
1417,8/17/2014,3184,6472
1418,8/18/2014,4289,8110
1419,8/19/2014,4531,8565
1420,8/20/2014,4562,8688
1421,8/21/2014,4544,8679
1422,8/22/2014,4313,8361
1423,8/23/2014,3235,6643
1424,8/24/2014,3253,6550
1425,8/25/2014,4228,8142
1426,8/26/2014,4524,8559
1427,8/27/2014,4592,8811
1428,8/28/2014,4508,8641
1429,8/29/2014,4095,8118
1430,8/30/2014,3186,6637
1431,8/31/2014,3156,6482
1432,9/1/2014,4049,7804
1433,9/2/2014,4410,8435
1434,9/3/2014,4555,8667
1435,9/4/2014,4554,8705
1436,9/5/2014,4249,8251
1437,9/6/2014,3272,6631
1438,9/7/2014,3227,6626
1439,9/8/2014,4307,8191
1440,9/9/2014,4466,8573
1441,9/10/2014,4639,8740
1442,9/11/2014,4640,8800
1443,9/12/2014,4351,8493
1444,9/13/2014,3298,6664
1445,9/14/2014,3310,6669
1446,9/15/2014,4411,8308
1447,9/16/2014,4587,8714
1448,9/17/2014,4653,8807
1449,9/18/2014,4710,8784
1450,9/19/2014,4345,8426
1451,9/20/2014,3310,6749
1452,9/21/2014,3348,6711
1453,9/22/2014,4444,8344
1454,9/23/2014,4642,8843
1455,9/24/2014,4663,8863
1456,9/25/2014,4631,8789
1457,9/26/2014,4448,8516
1458,9/27/2014,3289,6745
1459,9/28/2014,3324,6739
1460,9/29/2014,4438,8500
1461,9/30/2014,4604,8785
1462,10/1/2014,4545,8550
1463,10/2/2014,4353,8347
1464,10/3/2014,4068,8014
1465,10/4/2014,3277,6708
1466,10/5/2014,3343,6699
1467,10/6/2014,4272,8129
1468,10/7/2014,4487,8625
1469,10/8/2014,4600,8714
1470,10/9/2014,4669,8822
1471,10/10/2014,4434,8559
1472,10/11/2014,3391,6872
1473,10/12/2014,3414,6841
1474,10/13/2014,4486,8356
1475,10/14/2014,4670,8855
1476,10/15/2014,4700,8883
1477,10/16/2014,4728,8864
1478,10/17/2014,4342,8425
1479,10/18/2014,3387,6873
1480,10/19/2014,3403,6892
1481,10/20/2014,4541,8516
1482,10/21/2014,4667,8827
1483,10/22/2014,4610,8742
1484,10/23/2014,4528,8692
1485,10/24/2014,4320,8340
1486,10/25/2014,3386,6867
1487,10/26/2014,3447,6926
1488,10/27/2014,4469,8420
1489,10/28/2014,4677,8872
1490,10/29/2014,4779,8965
1491,10/30/2014,4825,9108
1492,10/31/2014,4446,8556
1493,11/1/2014,3236,6710
1494,11/2/2014,3502,7065
1495,11/3/2014,4480,8475
1496,11/4/2014,4781,8971
1497,11/5/2014,4760,8991
1498,11/6/2014,4783,9067
1499,11/7/2014,4568,8654
1500,11/8/2014,3476,7087
1501,11/9/2014,3515,7055
1502,11/10/2014,4566,8696
1503,11/11/2014,4720,8927
1504,11/12/2014,4806,9033
1505,11/13/2014,4710,8966
1506,11/14/2014,4490,8722
1507,11/15/2014,3512,7059
1508,11/16/2014,3509,7062
1509,11/17/2014,4649,8709
1510,11/18/2014,4870,9059
1511,11/19/2014,4837,9179
1512,11/20/2014,4854,9135
1513,11/21/2014,4554,8803
1514,11/22/2014,3514,7147
1515,11/23/2014,3606,7201
1516,11/24/2014,4601,8706
1517,11/25/2014,4793,9187
1518,11/26/2014,4748,9087
1519,11/27/2014,4392,8544
1520,11/28/2014,4223,8170
1521,11/29/2014,3504,7094
1522,11/30/2014,3526,7087
1523,12/1/2014,4536,8594
1524,12/2/2014,4755,9008
1525,12/3/2014,4831,9272
1526,12/4/2014,4829,9187
1527,12/5/2014,4543,8808
1528,12/6/2014,3501,7146
1529,12/7/2014,3554,7133
1530,12/8/2014,4564,8629
1531,12/9/2014,4800,9055
1532,12/10/2014,4764,9060
1533,12/11/2014,4765,9066
1534,12/12/2014,4450,8644
1535,12/13/2014,3427,7096
1536,12/14/2014,3459,7016
1537,12/15/2014,4418,8679
1538,12/16/2014,4574,8957
1539,12/17/2014,4620,8927
1540,12/18/2014,4581,9003
1541,12/19/2014,4236,8420
1542,12/20/2014,3295,7004
1543,12/21/2014,3300,6903
1544,12/22/2014,4216,8264
1545,12/23/2014,4205,8394
1546,12/24/2014,3727,7659
1547,12/25/2014,3164,6733
1548,12/26/2014,3528,7251
1549,12/27/2014,3294,6889
1550,12/28/2014,3323,6898
1551,12/29/2014,4067,8081
1552,12/30/2014,4149,8242
1553,12/31/2014,3698,7671
1554,1/1/2015,3206,6761
1555,1/2/2015,3912,7844
1556,1/3/2015,3457,7179
1557,1/4/2015,3493,7209
1558,1/5/2015,4357,8542
1559,1/6/2015,4493,8766
1560,1/7/2015,4656,8994
1561,1/8/2015,4726,9042
1562,1/9/2015,4548,8810
1563,1/10/2015,3529,7263
1564,1/11/2015,3556,7209
1565,1/12/2015,4532,8678
1566,1/13/2015,4725,9034
1567,1/14/2015,4757,9029
1568,1/15/2015,4723,8984
1569,1/16/2015,4558,8838
1570,1/17/2015,3551,7261
1571,1/18/2015,3529,7111
1572,1/19/2015,4636,8739
1573,1/20/2015,4854,9259
1574,1/21/2015,4887,9209
1575,1/22/2015,4836,9199
1576,1/23/2015,4623,8886
1577,1/24/2015,3562,7269
1578,1/25/2015,3631,7298
1579,1/26/2015,4441,8507
1580,1/27/2015,4801,9140
1581,1/28/2015,4956,9288
1582,1/29/2015,4916,9360
1583,1/30/2015,4590,8856
1584,1/31/2015,3630,7353
1585,2/1/2015,3659,7349
1586,2/2/2015,4658,8779
1587,2/3/2015,4947,9308
1588,2/4/2015,5019,9484
1589,2/5/2015,4945,9428
1590,2/6/2015,4713,9088
1591,2/7/2015,3717,7511
1592,2/8/2015,3726,7482
1593,2/9/2015,4842,9058
1594,2/10/2015,4965,9396
1595,2/11/2015,4989,9528
1596,2/12/2015,5101,9537
1597,2/13/2015,4714,9123
1598,2/14/2015,3568,7296
1599,2/15/2015,3631,7344
1600,2/16/2015,4701,8885
1601,2/17/2015,4909,9147
1602,2/18/2015,5064,9518
1603,2/19/2015,5043,9623
1604,2/20/2015,4757,9256
1605,2/21/2015,3811,7644
1606,2/22/2015,3781,7472
1607,2/23/2015,4874,9151
1608,2/24/2015,5047,9562
1609,2/25/2015,5115,9609
1610,2/26/2015,5101,9560
1611,2/27/2015,4830,9300
1612,2/28/2015,3728,7618
1613,3/1/2015,3789,7617
1614,3/2/2015,4866,9137
1615,3/3/2015,5049,9473
1616,3/4/2015,5157,9580
1617,3/5/2015,5075,9541
1618,3/6/2015,4708,8991
1619,3/7/2015,3741,7584
1620,3/8/2015,3766,7505
1621,3/9/2015,4837,9109
1622,3/10/2015,5045,9447
1623,3/11/2015,5188,9689
1624,3/12/2015,5151,9569
1625,3/13/2015,4881,9309
1626,3/14/2015,3764,7554
1627,3/15/2015,3790,7580
1628,3/16/2015,4954,9283
1629,3/17/2015,5134,9585
1630,3/18/2015,5138,9605
1631,3/19/2015,5047,9444
1632,3/20/2015,4779,9189
1633,3/21/2015,3761,7610
1634,3/22/2015,3829,7590
1635,3/23/2015,4908,9270
1636,3/24/2015,5113,9468
1637,3/25/2015,5230,9752
1638,3/26/2015,5031,9487
1639,3/27/2015,4885,9287
1640,3/28/2015,3819,7663
1641,3/29/2015,3869,7723
1642,3/30/2015,5053,9392
1643,3/31/2015,5055,9525
1644,4/1/2015,5084,9532
1645,4/2/2015,4942,9425
1646,4/3/2015,4396,8571
1647,4/4/2015,3790,7543
1648,4/5/2015,3668,7473
1649,4/6/2015,4560,8707
1650,4/7/2015,4979,9512
1651,4/8/2015,5190,9914
1652,4/9/2015,5214,9921
1653,4/10/2015,4898,9501
1654,4/11/2015,3768,7757
1655,4/12/2015,3795,7641
1656,4/13/2015,4907,9307
1657,4/14/2015,5059,9705
1658,4/15/2015,5189,9996
1659,4/16/2015,5296,10304
1660,4/17/2015,5059,10089
1661,4/18/2015,3911,8005
1662,4/19/2015,3975,7951
1663,4/20/2015,5184,9918
1664,4/21/2015,5349,10272
1665,4/22/2015,5496,10502
1666,4/23/2015,5461,10384
1667,4/24/2015,5092,9977
1668,4/25/2015,3909,7959
1669,4/26/2015,3972,8007
1670,4/27/2015,5175,9882
1671,4/28/2015,5311,10070
1672,4/29/2015,5305,10299
1673,4/30/2015,5143,9966
1674,5/1/2015,4433,8857
1675,5/2/2015,3840,7886
1676,5/3/2015,3883,7816
1677,5/4/2015,4941,9579
1678,5/5/2015,5187,9920
1679,5/6/2015,5335,10162
1680,5/7/2015,5289,10079
1681,5/8/2015,4960,9565
1682,5/9/2015,3811,7762
1683,5/10/2015,3814,7740
1684,5/11/2015,5084,9602
1685,5/12/2015,5296,10058
1686,5/13/2015,5220,10060
1687,5/14/2015,5117,9747
1688,5/15/2015,4916,9550
1689,5/16/2015,3808,7763
1690,5/17/2015,3782,7768
1691,5/18/2015,4990,9521
1692,5/19/2015,5261,9927
1693,5/20/2015,5332,10119
1694,5/21/2015,5281,10120
1695,5/22/2015,4973,9639
1696,5/23/2015,3767,7766
1697,5/24/2015,3744,7651
1698,5/25/2015,4588,8914
1699,5/26/2015,5270,10018
1700,5/27/2015,5323,10203
1701,5/28/2015,5312,10154
1702,5/29/2015,5051,9766
1703,5/30/2015,3832,7863
1704,5/31/2015,3869,7732
1705,6/1/2015,5043,9547
1706,6/2/2015,5275,10006
1707,6/3/2015,5403,10235
1708,6/4/2015,5275,10020
1709,6/5/2015,5051,9627
1710,6/6/2015,3779,7781
1711,6/7/2015,3809,7717
1712,6/8/2015,5042,9573
1713,6/9/2015,5341,10138
1714,6/10/2015,5408,10246
1715,6/11/2015,5376,10166
1716,6/12/2015,4872,9552
1717,6/13/2015,3781,7711
1718,6/14/2015,3776,7775
1719,6/15/2015,5047,9555
1720,6/16/2015,5300,10060
1721,6/17/2015,5398,10128
1722,6/18/2015,5308,10074
1723,6/19/2015,4960,9718
1724,6/20/2015,3805,7756
1725,6/21/2015,3785,7697
1726,6/22/2015,5081,9571
1727,6/23/2015,5332,10096
1728,6/24/2015,5376,10120
1729,6/25/2015,5349,10108
1730,6/26/2015,5046,9713
1731,6/27/2015,3783,7844
1732,6/28/2015,3854,7843
1733,6/29/2015,5154,9626
1734,6/30/2015,5325,9983
1735,7/1/2015,5332,9994
1736,7/2/2015,5300,10006
1737,7/3/2015,4757,9393
1738,7/4/2015,3773,7767
1739,7/5/2015,3724,7678
1740,7/6/2015,5131,9754
1741,7/7/2015,5399,10182
1742,7/8/2015,5497,10307
1743,7/9/2015,5478,10361
1744,7/10/2015,5093,9895
1745,7/11/2015,3820,7874
1746,7/12/2015,3814,7849
1747,7/13/2015,5187,9763
1748,7/14/2015,5401,10248
1749,7/15/2015,5423,10282
1750,7/16/2015,5339,10168
1751,7/17/2015,4934,9577
1752,7/18/2015,3743,7783
1753,7/19/2015,3816,7824
1754,7/20/2015,5095,9674
1755,7/21/2015,5350,10234
1756,7/22/2015,5484,10405
1757,7/23/2015,5466,10333
1758,7/24/2015,5130,9843
1759,7/25/2015,3838,7894
1760,7/26/2015,3852,7903
1761,7/27/2015,5242,9867
1762,7/28/2015,5496,10250
1763,7/29/2015,5494,10396
1764,7/30/2015,5317,10110
1765,7/31/2015,5038,9836
1766,8/1/2015,3774,7853
1767,8/2/2015,3836,7814
1768,8/3/2015,5126,9717
1769,8/4/2015,5295,10114
1770,8/5/2015,5424,10178
1771,8/6/2015,5356,10170
1772,8/7/2015,5015,9738
1773,8/8/2015,3795,7852
1774,8/9/2015,3809,7793
1775,8/10/2015,5140,9768
1776,8/11/2015,5352,10175
1777,8/12/2015,5397,10221
1778,8/13/2015,5368,10172
1779,8/14/2015,4940,9651
1780,8/15/2015,3800,7863
1781,8/16/2015,3827,7934
1782,8/17/2015,5072,9650
1783,8/18/2015,5343,10176
1784,8/19/2015,5394,10209
1785,8/20/2015,5394,10182
1786,8/21/2015,5014,9895
1787,8/22/2015,3853,8033
1788,8/23/2015,3894,8021
1789,8/24/2015,5101,9804
1790,8/25/2015,5316,10174
1791,8/26/2015,5307,10219
1792,8/27/2015,5294,10281
1793,8/28/2015,4911,9828
1794,8/29/2015,3840,7961
1795,8/30/2015,3849,7928
1796,8/31/2015,4969,9478
1797,9/1/2015,5205,9890
1798,9/2/2015,5300,10141
1799,9/3/2015,5261,10135
1800,9/4/2015,4991,9729
1801,9/5/2015,3875,7970
1802,9/6/2015,3926,7976
1803,9/7/2015,4772,9303
1804,9/8/2015,5202,9988
1805,9/9/2015,5225,10097
1806,9/10/2015,5299,10191
1807,9/11/2015,5047,9811
1808,9/12/2015,3914,8116
1809,9/13/2015,3900,7994
1810,9/14/2015,5083,9610
1811,9/15/2015,5278,10037
1812,9/16/2015,5428,10327
1813,9/17/2015,5196,9979
1814,9/18/2015,5114,9975
1815,9/19/2015,3992,8213
1816,9/20/2015,3953,8107
1817,9/21/2015,5154,9876
1818,9/22/2015,5359,10266
1819,9/23/2015,5283,10138
1820,9/24/2015,5195,10060
1821,9/25/2015,4916,9719
1822,9/26/2015,3940,8120
1823,9/27/2015,3930,8059
1824,9/28/2015,5019,9638
1825,9/29/2015,5283,10175
1826,9/30/2015,5227,10082
1827,10/1/2015,5194,9992
1828,10/2/2015,4930,9595
1829,10/3/2015,3954,8173
1830,10/4/2015,3932,8079
1831,10/5/2015,5081,9733
1832,10/6/2015,5312,10069
1833,10/7/2015,5471,10287
1834,10/8/2015,5530,10409
1835,10/9/2015,5139,10025
1836,10/10/2015,4005,8221
1837,10/11/2015,4006,8150
1838,10/12/2015,5142,9841
1839,10/13/2015,5372,10251
1840,10/14/2015,5483,10385
1841,10/15/2015,5421,10279
1842,10/16/2015,5131,9971
1843,10/17/2015,4039,8277
1844,10/18/2015,4055,8245
1845,10/19/2015,5270,9956
1846,10/20/2015,5488,10286
1847,10/21/2015,5348,10267
1848,10/22/2015,5298,10101
1849,10/23/2015,5113,9938
1850,10/24/2015,4067,8279
1851,10/25/2015,4077,8331
1852,10/26/2015,5293,9968
1853,10/27/2015,5444,10379
1854,10/28/2015,5469,10386
1855,10/29/2015,5451,10389
1856,10/30/2015,5054,9839
1857,10/31/2015,3997,8244
1858,11/1/2015,4017,8131
1859,11/2/2015,5178,9866
1860,11/3/2015,5392,10233
1861,11/4/2015,5432,10368
1862,11/5/2015,5451,10321
1863,11/6/2015,5151,9946
1864,11/7/2015,4096,8371
1865,11/8/2015,4091,8212
1866,11/9/2015,5147,9762
1867,11/10/2015,5348,10126
1868,11/11/2015,5170,9928
1869,11/12/2015,5332,10155
1870,11/13/2015,5111,9926
1871,11/14/2015,4060,8309
1872,11/15/2015,4132,8348
1873,11/16/2015,5201,9904
1874,11/17/2015,5473,10313
1875,11/18/2015,5561,10546
1876,11/19/2015,5608,10590
1877,11/20/2015,5292,10199
1878,11/21/2015,4137,8436
1879,11/22/2015,4145,8372
1880,11/23/2015,5305,10122
1881,11/24/2015,5490,10552
1882,11/25/2015,5387,10318
1883,11/26/2015,5123,9974
1884,11/27/2015,4805,9502
1885,11/28/2015,4111,8364
1886,11/29/2015,4153,8407
1887,11/30/2015,5238,9966
1888,12/1/2015,5433,10344
1889,12/2/2015,5519,10435
1890,12/3/2015,5541,10520
1891,12/4/2015,5246,10129
1892,12/5/2015,4138,8476
1893,12/6/2015,4209,8440
1894,12/7/2015,5338,10113
1895,12/8/2015,5512,10440
1896,12/9/2015,5509,10498
1897,12/10/2015,5454,10470
1898,12/11/2015,5208,10157
1899,12/12/2015,4175,8521
1900,12/13/2015,4157,8395
1901,12/14/2015,5313,10183
1902,12/15/2015,5521,10581
1903,12/16/2015,5446,10555
1904,12/17/2015,5371,10409
1905,12/18/2015,5013,9990
1906,12/19/2015,4014,8393
1907,12/20/2015,4000,8319
1908,12/21/2015,5079,9886
1909,12/22/2015,5150,10072
1910,12/23/2015,4974,9962
1911,12/24/2015,4318,8886
1912,12/25/2015,3749,7977
1913,12/26/2015,3810,8005
1914,12/27/2015,3905,8214
1915,12/28/2015,4713,9413
1916,12/29/2015,4964,9836
1917,12/30/2015,4867,9815
1918,12/31/2015,4281,8980
1919,1/1/2016,3770,8068
1920,1/2/2016,4001,8380
1921,1/3/2016,4077,8486
1922,1/4/2016,5039,9940
1923,1/5/2016,5307,10381
1924,1/6/2016,5398,10404
1925,1/7/2016,5446,10504
1926,1/8/2016,5236,10233
1927,1/9/2016,4222,8694
1928,1/10/2016,4202,8595
1929,1/11/2016,5365,10269
1930,1/12/2016,5520,10666
1931,1/13/2016,5589,10728
1932,1/14/2016,5530,10607
1933,1/15/2016,5167,10171
1934,1/16/2016,4175,8573
1935,1/17/2016,4247,8603
1936,1/18/2016,5358,10235
1937,1/19/2016,5519,10670
1938,1/20/2016,5699,10762
1939,1/21/2016,5592,10860
1940,1/22/2016,5369,10400
1941,1/23/2016,4301,8777
1942,1/24/2016,4298,8810
1943,1/25/2016,5444,10440
1944,1/26/2016,5433,10473
1945,1/27/2016,5713,10932
1946,1/28/2016,5670,10908
1947,1/29/2016,5388,10534
1948,1/30/2016,4260,8830
1949,1/31/2016,4283,8804
1950,2/1/2016,5434,10398
1951,2/2/2016,5650,10795
1952,2/3/2016,5744,10879
1953,2/4/2016,5666,10886
1954,2/5/2016,5371,10508
1955,2/6/2016,4296,8800
1956,2/7/2016,4331,8839
1957,2/8/2016,5312,10322
1958,2/9/2016,5584,10677
1959,2/10/2016,5713,10858
1960,2/11/2016,5786,10919
1961,2/12/2016,5398,10546
1962,2/13/2016,4308,8851
1963,2/14/2016,4247,8681
1964,2/15/2016,5486,10434
1965,2/16/2016,5745,10924
1966,2/17/2016,5827,11069
1967,2/18/2016,5834,11050
1968,2/19/2016,5499,10673
1969,2/20/2016,4421,8980
1970,2/21/2016,4426,8957
1971,2/22/2016,5610,10576
1972,2/23/2016,5789,10995
1973,2/24/2016,5867,11122
1974,2/25/2016,5920,11117
1975,2/26/2016,5569,10845
1976,2/27/2016,4423,8993
1977,2/28/2016,4376,8951
1978,2/29/2016,5540,10583
1979,3/1/2016,5725,10917
1980,3/2/2016,5877,11004
1981,3/3/2016,5953,11055
1982,3/4/2016,5561,10870
1983,3/5/2016,4445,9009
1984,3/6/2016,4368,8882
1985,3/7/2016,5576,10647
1986,3/8/2016,5863,10900
1987,3/9/2016,5832,11074
1988,3/10/2016,5837,11062
1989,3/11/2016,5535,10659
1990,3/12/2016,4367,8961
1991,3/13/2016,4392,8914
1992,3/14/2016,5645,10719
1993,3/15/2016,5803,11012
1994,3/16/2016,5873,11119
1995,3/17/2016,5803,11084
1996,3/18/2016,5445,10806
1997,3/19/2016,4311,8918
1998,3/20/2016,4355,8855
1999,3/21/2016,5609,10698
2000,3/22/2016,5722,10865
2001,3/23/2016,5716,10921
2002,3/24/2016,5407,10471
2003,3/25/2016,5006,9940
2004,3/26/2016,4324,8913
2005,3/27/2016,4286,8809
2006,3/28/2016,5194,10113
2007,3/29/2016,5790,11058
2008,3/30/2016,5822,11203
2009,3/31/2016,5782,11058
2010,4/1/2016,5628,10651
2011,4/2/2016,4472,8923
2012,4/3/2016,4526,8994
2013,4/4/2016,5708,10642
2014,4/5/2016,5989,11063
2015,4/6/2016,6065,11278
2016,4/7/2016,6079,11188
2017,4/8/2016,5686,10738
2018,4/9/2016,4561,9059
2019,4/10/2016,4521,8954
2020,4/11/2016,5875,10887
2021,4/12/2016,6048,11259
2022,4/13/2016,6119,11348
2023,4/14/2016,6002,11177
2024,4/15/2016,5768,10851
2025,4/16/2016,4534,8990
2026,4/17/2016,4517,8933
2027,4/18/2016,5878,10805
2028,4/19/2016,6133,11320
2029,4/20/2016,6166,11460
2030,4/21/2016,6078,11398
2031,4/22/2016,5716,10928
2032,4/23/2016,4548,9097
2033,4/24/2016,4521,9007
2034,4/25/2016,5841,10864
2035,4/26/2016,6080,11288
2036,4/27/2016,6051,11401
2037,4/28/2016,6019,11225
2038,4/29/2016,5649,10811
2039,4/30/2016,4492,9044
2040,5/1/2016,4431,8951
2041,5/2/2016,5473,10452
2042,5/3/2016,5857,10925
2043,5/4/2016,5964,11141
2044,5/5/2016,5675,10814
2045,5/6/2016,5517,10670
2046,5/7/2016,4428,8956
2047,5/8/2016,4372,8830
2048,5/9/2016,5618,10595
2049,5/10/2016,5923,11148
2050,5/11/2016,5966,11314
2051,5/12/2016,6008,11250
2052,5/13/2016,5665,10828
2053,5/14/2016,4457,9071
2054,5/15/2016,4458,8981
2055,5/16/2016,5486,10445
2056,5/17/2016,5870,11020
2057,5/18/2016,5961,11162
2058,5/19/2016,6000,11252
2059,5/20/2016,5640,10793
2060,5/21/2016,4432,8971
2061,5/22/2016,4482,8949
2062,5/23/2016,5724,10695
2063,5/24/2016,5941,11096
2064,5/25/2016,5989,11131
2065,5/26/2016,5907,11124
2066,5/27/2016,5550,10776
2067,5/28/2016,4337,8904
2068,5/29/2016,4422,8919
2069,5/30/2016,5407,10257
2070,5/31/2016,5782,10952
2071,6/1/2016,5876,11070
2072,6/2/2016,5949,11108
2073,6/3/2016,5605,10777
2074,6/4/2016,4348,8953
2075,6/5/2016,4357,8885
2076,6/6/2016,5648,10554
2077,6/7/2016,5910,10959
2078,6/8/2016,5988,11138
2079,6/9/2016,5962,11081
2080,6/10/2016,5579,10710
2081,6/11/2016,4358,8927
2082,6/12/2016,4359,8842
2083,6/13/2016,5668,10573
2084,6/14/2016,5948,11123
2085,6/15/2016,6028,11217
2086,6/16/2016,5925,11246
2087,6/17/2016,5618,10693
2088,6/18/2016,4365,8947
2089,6/19/2016,4367,8821
2090,6/20/2016,5626,10592
2091,6/21/2016,5981,11061
2092,6/22/2016,6015,11267
2093,6/23/2016,5964,11262
2094,6/24/2016,5489,10644
2095,6/25/2016,4328,8860
2096,6/26/2016,4325,8865
2097,6/27/2016,5680,10651
2098,6/28/2016,5957,11183
2099,6/29/2016,6049,11305
2100,6/30/2016,5929,11203
2101,7/1/2016,5531,10700
2102,7/2/2016,4325,8915
2103,7/3/2016,4296,8841
2104,7/4/2016,5333,10317
2105,7/5/2016,5711,10850
2106,7/6/2016,5716,10814
2107,7/7/2016,5793,10882
2108,7/8/2016,5494,10673
2109,7/9/2016,4318,8946
2110,7/10/2016,4330,8899
2111,7/11/2016,5685,10643
2112,7/12/2016,5938,11096
2113,7/13/2016,5970,11166
2114,7/14/2016,5890,11086
2115,7/15/2016,5611,10777
2116,7/16/2016,4322,8948
2117,7/17/2016,4405,8911
2118,7/18/2016,5689,10666
2119,7/19/2016,5911,11110
2120,7/20/2016,5931,11037
2121,7/21/2016,6060,11300
2122,7/22/2016,5642,10788
2123,7/23/2016,4394,9035
2124,7/24/2016,4413,9015
2125,7/25/2016,5742,10856
2126,7/26/2016,5933,11149
2127,7/27/2016,5950,11307
2128,7/28/2016,6012,11372
2129,7/29/2016,5573,10871
2130,7/30/2016,4389,9020
2131,7/31/2016,4340,8860
2132,8/1/2016,5675,10698
2133,8/2/2016,5903,11155
2134,8/3/2016,6001,11309
2135,8/4/2016,5934,11201
2136,8/5/2016,5576,10743
2137,8/6/2016,4365,9009
2138,8/7/2016,4401,8865
2139,8/8/2016,5714,10721
2140,8/9/2016,5889,11119
2141,8/10/2016,5971,11349
2142,8/11/2016,5909,11252
2143,8/12/2016,5570,10846
2144,8/13/2016,4376,8993
2145,8/14/2016,4349,8874
2146,8/15/2016,5293,10195
2147,8/16/2016,5792,11118
2148,8/17/2016,5851,11084
2149,8/18/2016,5816,11009
2150,8/19/2016,5569,10840
2151,8/20/2016,4417,9104
2152,8/21/2016,4391,9012
2153,8/22/2016,5720,10907
2154,8/23/2016,5880,11140
2155,8/24/2016,5917,11251
2156,8/25/2016,5862,11106
2157,8/26/2016,5541,10813
2158,8/27/2016,4430,9137
2159,8/28/2016,4424,8991
2160,8/29/2016,5632,10775
2161,8/30/2016,5814,11175
2162,8/31/2016,5869,11246
2163,9/1/2016,5700,11142
2164,9/2/2016,5723,10780
2165,9/3/2016,4449,9087
2166,9/4/2016,4468,9067
2167,9/5/2016,5326,10168
2168,9/6/2016,5896,10923
2169,9/7/2016,6040,11013
2170,9/8/2016,6001,11028
2171,9/9/2016,5722,10729
2172,9/10/2016,4504,9160
2173,9/11/2016,4454,9080
2174,9/12/2016,5692,10528
2175,9/13/2016,5841,10912
2176,9/14/2016,5960,10973
2177,9/15/2016,5950,10956
2178,9/16/2016,5787,10811
2179,9/17/2016,4624,9344
2180,9/18/2016,4652,9205
2181,9/19/2016,5951,10829
2182,9/20/2016,6134,11166
2183,9/21/2016,6280,11363
2184,9/22/2016,6272,11276
2185,9/23/2016,5930,11035
2186,9/24/2016,4546,9322
2187,9/25/2016,4567,9257
2188,9/26/2016,5998,11110
2189,9/27/2016,6172,11248
2190,9/28/2016,6398,11487
2191,9/29/2016,6253,11348
2192,9/30/2016,5825,10922
2193,10/1/2016,4559,9296
2194,10/2/2016,4488,9161
2195,10/3/2016,5692,10750
2196,10/4/2016,6000,11123
2197,10/5/2016,6149,11221
2198,10/6/2016,6079,11301
2199,10/7/2016,5775,10991
2200,10/8/2016,4623,9390
2201,10/9/2016,4589,9331
2202,10/10/2016,5655,10652
2203,10/11/2016,5814,10952
2204,10/12/2016,6078,11230
2205,10/13/2016,6202,11388
2206,10/14/2016,5881,11143
2207,10/15/2016,4662,9520
2208,10/16/2016,4614,9404
2209,10/17/2016,5936,10975
2210,10/18/2016,6148,11439
2211,10/19/2016,6290,11609
2212,10/20/2016,6244,11520
2213,10/21/2016,5865,11112
2214,10/22/2016,4621,9387
2215,10/23/2016,4585,9291
2216,10/24/2016,5916,10912
2217,10/25/2016,6194,11350
2218,10/26/2016,6210,11397
2219,10/27/2016,6175,11323
2220,10/28/2016,5646,10800
2221,10/29/2016,4515,9203
2222,10/30/2016,4490,9209
2223,10/31/2016,5534,10444
2224,11/1/2016,5649,10636
2225,11/2/2016,6069,11175
2226,11/3/2016,6128,11189
2227,11/4/2016,5798,11079
2228,11/5/2016,4637,9435
2229,11/6/2016,4693,9439
2230,11/7/2016,6020,11066
2231,11/8/2016,6124,11270
2232,11/9/2016,5879,10816
2233,11/10/2016,6092,11187
2234,11/11/2016,5780,10802
2235,11/12/2016,4647,9382
2236,11/13/2016,4646,9425
2237,11/14/2016,5877,10893
2238,11/15/2016,6152,11353
2239,11/16/2016,6232,11580
2240,11/17/2016,6273,11509
2241,11/18/2016,5924,11205
2242,11/19/2016,4706,9547
2243,11/20/2016,4771,9552
2244,11/21/2016,6023,11132
2245,11/22/2016,6176,11426
2246,11/23/2016,6180,11528
2247,11/24/2016,5833,11091
2248,11/25/2016,5575,10680
2249,11/26/2016,4606,9423
2250,11/27/2016,4692,9397
2251,11/28/2016,5944,11110
2252,11/29/2016,6220,11538
2253,11/30/2016,6234,11537
